City_ID,City,Country,Lat,Lng,Max Temp,Humidity,Cloudiness,Wind Speed,Current Description
0,Sola,VU,-13.8833,167.55,79.39,76,2,10.04,clear sky
1,Namatanai,PG,-3.6667,152.4333,77.68,85,25,6.53,scattered clouds
2,Kruisfontein,ZA,-34.0033,24.7314,55.69,83,99,11.52,light rain
3,Ushuaia,AR,-54.8,-68.3,42.42,81,20,19.57,few clouds
4,Cape Town,ZA,-33.9258,18.4232,58.08,81,75,19.57,broken clouds
5,Manono,CD,-7.3,27.4167,83.07,22,23,1.25,few clouds
6,Bluff,NZ,-46.6,168.3333,51.37,82,31,16.28,scattered clouds
7,Dubrovnik,HR,42.6481,18.0922,83.84,51,0,8.05,clear sky
8,Kapaa,US,22.0752,-159.319,76.12,88,9,9.35,clear sky
9,Hobart,AU,-42.8794,147.3294,48.06,77,61,6.91,broken clouds
10,Saint-Philippe,RE,-21.3585,55.7679,71.22,81,25,11.32,scattered clouds
11,Coquimbo,CL,-29.9533,-71.3436,58.73,77,0,11.5,clear sky
12,Valdivia,CL,-39.8142,-73.2459,44.69,67,59,2.53,broken clouds
13,San Patricio,US,28.017,-97.5169,93.09,55,95,5.39,overcast clouds
14,Komsomolskiy,UZ,40.4272,71.7189,79.52,22,0,4.61,clear sky
15,Homburg,DE,49.3167,7.3333,77.83,69,20,5.75,few clouds
16,Kahului,US,20.8947,-156.47,78.84,90,19,5.99,few clouds
17,Sitka,US,57.0531,-135.33,60.6,74,25,1.48,scattered clouds
18,Labuan,MY,5.2767,115.2417,82.76,83,20,2.3,few clouds
19,Busselton,AU,-33.65,115.3333,57.13,71,96,9.98,overcast clouds
20,Zhigansk,RU,66.7697,123.3711,55.09,73,97,7.02,overcast clouds
21,Vaini,TO,-21.2,-175.2,69.96,83,75,10.36,broken clouds
22,Liwale,TZ,-9.7667,37.9333,78.39,50,43,10.54,scattered clouds
23,Saint George,US,37.1041,-113.5841,87.44,47,0,4.0,clear sky
24,Hermanus,ZA,-34.4187,19.2345,55.8,86,99,13.85,light rain
25,Kutum,SD,14.2,24.6667,78.35,54,89,1.92,overcast clouds
26,Yar-Sale,RU,66.8333,70.8333,48.31,87,100,1.43,overcast clouds
27,Keningau,MY,5.3378,116.1602,72.46,97,98,1.57,overcast clouds
28,Atuona,PF,-9.8,-139.0333,77.04,75,29,24.32,scattered clouds
29,Airai,TL,-8.9266,125.4092,52.57,52,64,2.37,broken clouds
30,Carberry,CA,49.8689,-99.3602,73.63,76,91,10.63,overcast clouds
31,Ilulissat,GL,69.2167,-51.1,36.95,90,99,0.31,overcast clouds
32,Ayan,RU,56.45,138.1667,56.16,93,100,3.74,overcast clouds
33,Sobolevo,RU,54.4299,31.8996,72.25,65,21,4.47,few clouds
34,Codrington,AU,-38.2667,141.9667,43.12,88,24,9.78,few clouds
35,Rikitea,PF,-23.1203,-134.9692,73.11,77,55,14.25,light rain
36,Byron Bay,AU,-28.65,153.6167,50.7,74,0,6.62,clear sky
37,Iqaluit,CA,63.7506,-68.5145,38.93,100,100,11.5,light rain
38,Provideniya,RU,64.3833,-173.3,40.96,79,27,5.41,scattered clouds
39,Vostok,RU,46.4856,135.8833,58.8,82,92,5.3,overcast clouds
40,Azare,NG,11.6765,10.1948,72.48,92,98,12.95,moderate rain
41,Mingshui,CN,36.7167,117.5,83.98,77,100,18.48,overcast clouds
42,Magadan,RU,59.5667,150.8,54.54,93,100,9.6,overcast clouds
43,Nikolskoye,RU,59.7035,30.7861,80.49,61,100,2.42,overcast clouds
44,Ponta Do Sol,PT,32.6667,-17.1,75.7,67,24,2.89,few clouds
45,Ypsonas,CY,34.6884,32.9574,81.57,74,0,10.36,clear sky
46,Thompson,CA,55.7435,-97.8558,66.36,82,75,10.36,broken clouds
47,Dikson,RU,73.5069,80.5464,41.74,80,100,2.75,overcast clouds
48,Moose Factory,CA,51.2585,-80.6094,80.6,50,0,4.61,clear sky
49,Port Hardy,CA,50.6996,-127.4199,59.18,94,100,4.61,fog
50,Arraial Do Cabo,BR,-22.9661,-42.0278,85.96,51,0,17.27,clear sky
51,Qaanaaq,GL,77.484,-69.3632,37.42,99,100,2.66,light rain
52,Carnarvon,AU,-24.8667,113.6333,64.08,43,99,20.11,overcast clouds
53,Port Alfred,ZA,-33.5906,26.891,57.18,86,86,7.0,overcast clouds
54,Mar Del Plata,AR,-38.0023,-57.5575,53.1,65,40,20.0,scattered clouds
55,Bathsheba,BB,13.2167,-59.5167,88.41,62,75,16.11,broken clouds
56,New Norfolk,AU,-42.7826,147.0587,47.7,83,59,1.01,broken clouds
57,Ust-Karsk,RU,52.7011,118.8077,51.35,67,94,2.55,overcast clouds
58,Sao Joao Da Barra,BR,-21.6403,-41.0511,84.29,70,3,27.18,clear sky
59,Ribeira Grande,PT,38.5167,-28.7,73.8,60,75,3.44,broken clouds
60,Bhag,PK,29.0415,67.8239,80.31,81,100,9.22,moderate rain
61,East London,ZA,-33.0153,27.9116,61.74,72,0,14.97,clear sky
62,Mariental,NA,-24.6333,17.9667,57.54,29,36,18.77,scattered clouds
63,San Miguel,SV,13.4833,-88.1833,90.73,55,54,1.72,broken clouds
64,Albany,US,42.6001,-73.9662,79.95,56,100,1.01,overcast clouds
65,Jamestown,US,42.097,-79.2353,79.02,49,40,8.05,scattered clouds
66,Taltal,CL,-25.4,-70.4833,66.58,58,7,6.78,clear sky
67,Kavaratti,IN,10.5669,72.642,81.81,79,100,10.98,overcast clouds
68,Sur,OM,22.5667,59.5289,91.92,53,100,18.45,overcast clouds
69,Butaritari,KI,3.0707,172.7902,81.43,66,100,9.48,overcast clouds
70,Kuching,MY,1.55,110.3333,79.02,89,20,0.0,few clouds
71,Puerto Ayora,EC,-0.7393,-90.3518,73.36,90,98,5.99,overcast clouds
72,Bredasdorp,ZA,-34.5322,20.0403,55.27,91,77,14.45,light rain
73,Looc,PH,12.2605,121.9926,80.11,81,100,4.61,overcast clouds
74,Smirnykh,RU,49.75,142.8333,57.72,93,25,2.1,scattered clouds
75,Boundiali,CI,9.5217,-6.4869,81.52,75,76,3.62,light rain
76,Sharjah,AE,25.3573,55.4033,93.49,52,0,8.05,clear sky
77,Meulaboh,ID,4.1363,96.1285,77.85,86,47,5.1,scattered clouds
78,Praia,CV,14.9215,-23.5087,86.54,58,20,17.27,few clouds
79,Cefalu,IT,38.0386,14.0229,100.74,25,24,3.0,few clouds
80,Punta Arenas,CL,-53.15,-70.9167,44.71,70,75,19.57,broken clouds
81,Aykhal,RU,66.0,111.5,42.49,86,93,13.06,overcast clouds
82,Cayenne,GF,4.9333,-52.3333,86.04,66,75,10.36,broken clouds
83,Santa Rosa,PH,14.3122,121.1114,80.11,92,100,2.15,overcast clouds
84,Hithadhoo,MV,-0.6,73.0833,81.75,77,99,12.37,overcast clouds
85,Upernavik,GL,72.7868,-56.1549,39.81,89,100,2.46,overcast clouds
86,Bucerias,MX,20.75,-105.3333,86.99,71,99,1.5,overcast clouds
87,Manokwari,ID,-0.8667,134.0833,77.29,81,6,6.2,clear sky
88,Kushmurun,KZ,52.4503,64.6311,52.75,55,66,8.86,broken clouds
89,Bambous Virieux,MU,-20.3428,57.7575,71.22,83,20,6.91,few clouds
90,Faya,SA,18.3851,42.4509,71.71,66,93,5.59,overcast clouds
91,Abu Kamal,SY,34.4506,40.9171,98.47,13,0,9.06,clear sky
92,Barrow,US,71.2906,-156.7887,34.84,92,100,19.04,overcast clouds
93,Vestmanna,FO,62.1564,-7.1664,52.72,87,100,19.57,overcast clouds
94,Pinawa,CA,50.1489,-95.8811,63.73,96,100,5.68,light rain
95,Nome,US,64.5011,-165.4064,43.16,95,100,1.92,overcast clouds
96,Pangnirtung,CA,66.1451,-65.7125,44.6,81,75,11.5,broken clouds
97,Hilo,US,19.7297,-155.09,80.28,94,100,5.75,light rain
98,Burla,IN,21.5,83.8667,78.75,87,100,5.35,light rain
99,Pevek,RU,69.7008,170.3133,38.97,75,0,2.71,clear sky
100,Mount Gambier,AU,-37.8333,140.7667,44.71,82,8,7.83,clear sky
101,Hit,IQ,33.6416,42.8251,100.74,16,0,10.18,clear sky
102,Victoria,HK,22.2855,114.1577,84.38,81,96,5.99,overcast clouds
103,Torbay,CA,47.6666,-52.7314,64.76,95,100,6.91,mist
104,Yellowknife,CA,62.456,-114.3525,70.32,68,75,14.97,broken clouds
105,Poso,ID,-1.3959,120.7524,75.36,86,85,4.79,overcast clouds
106,Mataura,NZ,-46.1927,168.8643,48.42,95,94,3.15,overcast clouds
107,Boa Vista,BR,2.8197,-60.6733,85.98,66,40,11.5,scattered clouds
108,Les Ponts-De-Ce,FR,47.4231,-0.5248,81.07,49,39,13.11,scattered clouds
109,Fortuna,US,40.5982,-124.1573,59.67,100,100,0.0,overcast clouds
110,Bam,IR,29.106,58.357,87.84,11,91,8.88,overcast clouds
111,Mokrousovo,RU,55.8103,66.7653,44.56,76,64,7.02,broken clouds
112,Saint-Augustin,CA,51.226,-58.6502,63.52,67,100,11.14,overcast clouds
113,Sinnamary,GF,5.3833,-52.95,83.07,77,37,11.88,scattered clouds
114,Mizan Teferi,ET,6.9833,35.5833,61.09,97,75,2.24,light rain
115,Longyearbyen,SJ,78.2186,15.6401,44.44,76,75,16.11,light rain
116,Tuktoyaktuk,CA,69.4541,-133.0374,50.0,93,100,25.32,light rain
117,Udachnyy,RU,66.4167,112.4,43.45,93,96,21.54,overcast clouds
118,Kathu,TH,7.9178,98.3332,85.69,99,87,9.53,overcast clouds
119,Ganzhou,CN,28.8184,115.4327,86.36,59,67,1.92,broken clouds
120,Christchurch,NZ,-43.5333,172.6333,55.6,71,100,8.05,overcast clouds
121,Vokhma,RU,58.9303,46.7586,62.19,74,4,6.08,clear sky
122,Vieques,PR,18.425,-65.8329,87.71,74,85,12.84,overcast clouds
123,Tasiilaq,GL,65.6145,-37.6368,40.03,74,77,4.32,broken clouds
124,Mahebourg,MU,-20.4081,57.7,71.26,83,20,6.91,few clouds
125,Belyy Yar,RU,53.6039,91.3903,49.89,81,0,2.24,clear sky
126,Malartic,CA,48.1335,-78.1328,77.11,35,95,4.12,overcast clouds
127,Irtyshskiy,RU,58.3333,68.1333,47.64,85,100,7.05,overcast clouds
128,Siocon,PH,7.7061,122.1353,77.61,90,99,5.57,moderate rain
129,Ambilobe,MG,-13.2,49.05,70.65,75,1,2.51,clear sky
130,Vanavara,RU,60.34,102.2797,49.46,97,100,6.06,moderate rain
131,Hasaki,JP,35.7333,140.8333,75.6,78,0,9.53,clear sky
132,Tulun,RU,54.5611,100.5792,43.21,94,86,4.25,overcast clouds
133,Presidencia Roque Saenz Pena,AR,-26.7852,-60.4388,66.43,16,2,15.59,clear sky
134,Gupitan,PH,7.7758,125.6406,72.77,95,95,1.39,overcast clouds
135,Vao,NC,-22.6667,167.4833,68.47,58,12,11.79,few clouds
136,San Cristobal,VE,7.7669,-72.225,82.58,33,0,8.66,clear sky
137,Bud,US,39.447,-86.1758,81.68,61,40,3.94,scattered clouds
138,Piterka,RU,50.6803,47.4454,83.12,27,100,24.2,overcast clouds
139,Arkhangelskoye,RU,55.8549,35.3287,69.53,59,0,6.58,clear sky
140,Port Elizabeth,ZA,-33.918,25.5701,58.32,98,75,6.91,broken clouds
141,Dudinka,RU,69.4058,86.1778,45.63,70,1,10.56,clear sky
142,Touros,BR,-5.1989,-35.4608,83.23,60,12,20.31,few clouds
143,Sabang,ID,5.8933,95.3214,83.1,74,40,12.03,scattered clouds
144,Puertollano,ES,38.6871,-4.1073,86.16,19,0,7.49,clear sky
145,Chokurdakh,RU,70.6333,147.9167,47.71,80,50,9.69,scattered clouds
146,Mayya,RU,61.7333,130.2811,51.12,96,18,3.24,few clouds
147,Geraldton,AU,-28.7667,114.6,45.01,87,99,6.91,overcast clouds
148,Asau,RO,46.4333,26.4,76.28,73,46,4.38,scattered clouds
149,Mehamn,NO,71.0357,27.8492,53.55,62,0,9.22,clear sky
150,Alta Floresta,BR,-9.8756,-56.0861,96.62,34,40,5.75,smoke
151,Mathathane,BW,-22.2687,28.7495,81.19,11,45,10.42,scattered clouds
152,Gat,IL,31.61,34.7642,82.4,100,0,6.73,clear sky
153,Baykit,RU,61.67,96.37,49.78,90,100,4.34,overcast clouds
154,Ahipara,NZ,-35.1667,173.1667,63.27,95,100,21.47,light rain
155,Babol,IR,36.5513,52.679,84.18,70,0,2.3,clear sky
156,Emerald,AU,-23.5333,148.1667,53.76,56,0,4.5,clear sky
157,Sfantu Gheorghe,RO,45.8667,25.7833,70.27,69,81,4.59,broken clouds
158,Nioro,GM,13.35,-15.75,80.73,83,90,6.96,moderate rain
159,Tiksi,RU,71.6872,128.8694,39.87,98,72,12.93,broken clouds
160,Camana,PE,-16.6228,-72.7111,63.52,73,53,11.34,broken clouds
161,Osnabruck,DE,52.2667,8.05,77.09,60,97,8.48,overcast clouds
162,Inirida,CO,3.8653,-67.9239,89.8,57,18,1.34,few clouds
163,Cabo San Lucas,MX,22.8909,-109.9124,92.61,73,89,3.0,overcast clouds
164,Vila Velha,BR,-20.3297,-40.2925,76.95,73,75,16.11,broken clouds
165,Zyuzelskiy,RU,56.4856,60.1331,51.64,73,83,3.02,broken clouds
166,Bonavista,CA,48.6499,-53.1147,60.94,89,100,7.96,overcast clouds
167,Sao Filipe,CV,14.8961,-24.4956,77.61,80,35,11.43,light rain
168,Kloulklubed,PW,7.0419,134.2556,82.85,77,100,12.3,light rain
169,Cache Creek,CA,50.8101,-121.3246,83.12,35,0,1.45,clear sky
170,Sesheke,ZM,-17.4759,24.2968,74.25,17,84,3.69,broken clouds
171,Souillac,MU,-20.5167,57.5167,70.18,83,20,6.91,few clouds
172,Laguna,US,38.421,-121.4238,94.96,28,0,3.85,clear sky
173,Shache,CN,38.4167,77.2406,80.71,26,54,8.28,broken clouds
174,Constitucion,CL,-35.3333,-72.4167,54.79,54,0,13.91,clear sky
175,Shingu,JP,33.7333,135.9833,74.46,83,3,4.38,clear sky
176,Tamiahua,MX,21.2667,-97.45,88.02,63,7,8.21,clear sky
177,Faanui,PF,-16.4833,-151.75,78.31,74,100,20.65,overcast clouds
178,Manaus,BR,-3.1019,-60.025,93.7,52,20,6.91,few clouds
179,Poum,NC,-20.2333,164.0167,69.46,65,1,14.88,clear sky
180,Avarua,CK,-21.2078,-159.775,68.05,77,75,2.3,broken clouds
181,Big Bend,SZ,-26.8167,31.9333,66.33,62,3,8.01,clear sky
182,Kodiak,US,57.79,-152.4072,53.11,76,100,0.0,overcast clouds
183,Stephenville Crossing,CA,48.5,-58.4318,68.22,94,100,16.11,mist
184,Las Vegas,US,36.175,-115.1372,96.24,35,20,8.05,few clouds
185,Cidreira,BR,-30.1811,-50.2056,52.45,75,100,17.65,overcast clouds
186,Kaitangata,NZ,-46.2817,169.8464,49.64,85,51,9.26,broken clouds
187,Chapais,CA,49.7834,-74.8492,74.98,36,100,2.71,overcast clouds
188,Severo-Kurilsk,RU,50.6789,156.125,55.81,92,28,7.63,scattered clouds
189,Bonthe,SL,7.5264,-12.505,78.93,78,95,12.57,overcast clouds
190,Bethel,US,41.3712,-73.414,85.01,48,15,1.01,few clouds
191,Ko Samui,TH,9.5357,99.9357,84.07,72,79,10.76,broken clouds
192,Maldonado,UY,-34.6667,-54.9167,49.39,60,8,21.36,clear sky
193,Georgetown,MY,5.4112,100.3354,82.89,84,20,3.44,few clouds
194,Singaparna,ID,-7.3515,108.111,71.02,97,96,0.94,overcast clouds
195,Trinidad,BO,-14.8333,-64.9,75.18,94,75,23.02,thunderstorm with light rain
196,Castro,BR,-24.7911,-50.0119,58.28,94,100,10.11,overcast clouds
197,Burnie,AU,-41.0667,145.9167,43.95,85,81,10.2,broken clouds
198,Paamiut,GL,61.994,-49.6678,42.17,82,0,16.2,clear sky
199,Ust-Tsilma,RU,65.441,52.1498,69.53,65,95,5.61,overcast clouds
200,Moyale,KE,3.5167,39.0584,72.43,42,69,7.9,broken clouds
201,Padang,ID,-0.9492,100.3543,77.43,88,33,4.14,scattered clouds
202,Balvi,LV,57.1313,27.2658,74.3,65,66,5.01,broken clouds
203,Forbes,AU,-33.3833,148.0167,52.34,66,100,7.96,light rain
204,Lorengau,PG,-2.0226,147.2712,79.68,82,39,7.36,scattered clouds
205,Moree,AU,-29.4667,149.85,49.8,69,0,9.64,clear sky
206,Saldanha,ZA,-33.0117,17.9442,57.25,78,60,17.63,broken clouds
207,Veraval,IN,20.9,70.3667,79.52,89,72,17.22,broken clouds
208,Balaghat,IN,21.8,80.1833,76.55,90,69,1.63,broken clouds
209,Evanston,US,42.0411,-87.6901,83.1,48,0,3.0,clear sky
210,Lima,PE,-12.0432,-77.0282,66.9,73,100,5.75,overcast clouds
211,Mezen,RU,65.8522,44.24,70.79,65,31,5.59,scattered clouds
212,North Branford,US,41.3276,-72.7673,84.61,49,6,5.99,clear sky
213,Nhulunbuy,AU,-12.2333,136.7667,68.61,83,6,3.44,clear sky
214,San Jose,US,37.3394,-121.895,79.59,79,40,3.44,scattered clouds
215,Fajardo,PR,18.3258,-65.6524,88.9,75,58,13.51,broken clouds
216,Manavgat,TR,36.7867,31.4431,81.5,71,2,1.99,clear sky
217,Agadez,NE,19.75,10.25,101.46,11,2,9.06,clear sky
218,Lagoa,PT,39.05,-27.9833,70.72,64,34,5.73,scattered clouds
219,Yishui,CN,35.7847,118.6281,74.97,94,100,6.24,overcast clouds
220,Faranah,GN,10.0404,-10.7434,78.19,82,93,5.57,light rain
221,Nadym,RU,65.5333,72.5167,47.61,90,100,9.44,light rain
222,Katsuura,JP,35.1333,140.3,77.22,87,1,12.53,clear sky
223,Zeya,RU,53.75,127.2667,49.91,90,1,3.42,clear sky
224,Kiunga,PG,-6.1219,141.2906,70.29,96,100,3.15,overcast clouds
225,Chuy,UY,-33.6971,-53.4616,52.95,47,23,16.71,few clouds
226,Vancouver,CA,49.2497,-123.1193,82.98,70,75,11.5,broken clouds
227,Cap Malheureux,MU,-19.9842,57.6142,71.47,73,0,5.99,clear sky
228,Novoagansk,RU,61.9449,76.6625,55.63,76,100,9.86,overcast clouds
229,Siavonga,ZM,-16.5382,28.7088,75.18,39,42,2.44,scattered clouds
230,Dzilam Gonzalez,MX,21.2833,-88.9333,89.76,52,84,6.06,broken clouds
231,Loviisa,FI,60.4566,26.2251,70.54,74,100,4.41,overcast clouds
232,Leningradskiy,RU,69.3833,178.4167,34.16,94,53,8.1,broken clouds
233,Pronsk,RU,54.1048,39.6092,70.21,41,100,14.0,overcast clouds
234,Chara,RU,56.9064,118.2631,46.99,79,30,2.64,light rain
235,Xichang,CN,27.8964,102.2634,67.3,92,99,1.97,overcast clouds
236,Guarapari,BR,-20.6667,-40.4975,76.89,59,6,25.41,clear sky
237,Vila Franca Do Campo,PT,37.7167,-25.4333,75.61,64,78,6.17,broken clouds
238,Salalah,OM,17.0151,54.0924,75.0,95,100,4.16,overcast clouds
239,Smidovich,RU,48.6,133.8167,63.64,90,91,3.33,overcast clouds
240,Luderitz,NA,-26.6481,15.1594,59.07,63,4,25.48,clear sky
241,Guaruja,BR,-23.9931,-46.2564,78.84,61,20,8.05,few clouds
242,Karratha,AU,-20.7377,116.8463,71.17,27,15,12.37,few clouds
243,Surt,LY,31.2089,16.5887,86.81,54,0,12.62,clear sky
244,Wad Madani,SD,14.4012,33.5199,88.14,47,51,8.97,broken clouds
245,Whitefish,US,48.4111,-114.3376,80.2,45,0,12.66,clear sky
246,Juba,SS,4.8517,31.5825,75.07,79,95,4.63,overcast clouds
247,Abu Samrah,SY,35.3029,37.1841,87.15,32,0,12.44,clear sky
248,Shakawe,BW,-18.3667,21.85,72.39,10,37,1.12,scattered clouds
249,Esperance,AU,-33.8667,121.9,52.07,75,11,16.49,few clouds
250,Moron,AR,-34.6534,-58.6198,52.81,44,3,12.66,clear sky
251,La Ronge,CA,55.1001,-105.2842,70.05,60,0,5.75,clear sky
252,Maningrida,AU,-12.0667,134.2667,61.43,77,4,7.61,clear sky
253,Santa Fe,AR,-31.6333,-60.7,58.01,29,0,13.0,light rain
254,El Bagre,CO,7.5927,-74.8086,92.17,52,37,2.15,scattered clouds
255,Aktau,KZ,43.65,51.2,81.18,24,0,14.25,clear sky
256,Springdale,US,36.1867,-94.1288,78.82,68,21,1.99,few clouds
257,Carballo,ES,43.213,-8.691,74.75,70,4,8.21,clear sky
258,Naze,JP,28.3667,129.4833,81.52,83,95,14.38,overcast clouds
259,Axim,GH,4.8699,-2.2405,77.14,74,79,11.88,broken clouds
260,Safi,MA,32.1667,-8.8333,91.85,21,0,15.03,clear sky
261,Guerrero Negro,MX,27.9769,-114.0611,78.15,63,98,10.31,overcast clouds
262,Oliveira Dos Brejinhos,BR,-12.3169,-42.8961,89.89,19,0,4.88,clear sky
263,Auki,SB,-8.7676,160.7034,74.17,87,60,4.54,broken clouds
264,Mount Isa,AU,-20.7333,139.5,44.37,42,0,6.91,light rain
265,Inhambane,MZ,-23.865,35.3833,73.96,78,45,16.87,scattered clouds
266,Alyangula,AU,-13.8483,136.4192,67.17,77,1,5.59,clear sky
267,Lata,PT,40.1629,-8.3327,82.49,42,3,10.49,clear sky
268,Lebu,CL,-37.6167,-73.65,50.52,68,5,13.42,clear sky
269,Itoman,JP,26.1247,127.6694,84.4,84,40,16.11,scattered clouds
270,Caluquembe,AO,-13.7833,14.6833,70.86,15,3,4.61,clear sky
271,Klaksvik,FO,62.2266,-6.589,54.52,89,73,23.55,broken clouds
272,Pemangkat,ID,1.1667,108.9667,80.17,80,47,2.37,scattered clouds
273,Hualmay,PE,-11.0964,-77.6139,65.48,69,44,10.49,scattered clouds
274,Kefalos,GR,36.7453,26.9589,91.62,46,0,14.97,clear sky
275,Los Llanos De Aridane,ES,28.6585,-17.9182,72.12,72,40,14.97,scattered clouds
276,Gander,CA,48.9682,-54.5906,66.33,82,100,11.5,overcast clouds
277,Angoche,MZ,-16.2325,39.9086,75.07,76,58,13.98,broken clouds
278,Samarai,PG,-10.6167,150.6667,75.9,60,90,8.99,overcast clouds
279,Olafsvik,IS,64.8945,-23.7142,52.88,72,58,9.35,broken clouds
280,Marawi,PH,7.9986,124.2928,68.38,94,98,4.36,overcast clouds
281,Alice Springs,AU,-23.7,133.8833,52.21,65,45,8.05,scattered clouds
282,Kirakira,SB,-10.4544,161.9205,76.03,86,88,5.68,overcast clouds
283,Tocopilla,CL,-22.092,-70.1979,68.85,57,10,8.19,clear sky
284,Port Hedland,AU,-20.3167,118.5667,68.05,40,43,8.05,scattered clouds
285,Yumen,CN,40.2833,97.2,70.84,31,0,2.84,clear sky
286,Coolum Beach,AU,-26.5333,153.1,55.11,79,0,5.73,clear sky
287,Goderich,CA,43.7501,-81.7165,76.91,83,0,6.91,clear sky
288,Phangnga,TH,8.4509,98.5298,78.84,93,78,2.89,broken clouds
289,Hulan,CN,45.9833,126.6,71.71,97,100,6.24,heavy intensity rain
290,La Ligua,CL,-32.4524,-71.2311,65.62,33,0,5.86,clear sky
291,Uyuni,BO,-20.4597,-66.825,46.2,7,0,9.48,clear sky
292,Tikrit,IQ,34.6071,43.6782,100.2,14,0,12.66,clear sky
293,Bama,NG,11.5221,13.6856,72.54,89,100,6.8,overcast clouds
294,Boralday,KZ,43.3578,76.8594,64.26,29,20,4.47,few clouds
295,Dalvik,IS,65.9702,-18.5286,57.13,66,90,3.13,overcast clouds
296,Kainantu,PG,-6.2887,145.8655,59.61,98,98,1.32,overcast clouds
297,Aswan,EG,24.0934,32.907,106.9,12,0,10.36,clear sky
298,Metro,ID,-5.1131,105.3067,74.01,90,19,2.82,few clouds
299,Pisco,PE,-13.7,-76.2167,64.45,72,75,2.3,broken clouds
300,Vardo,NO,70.3705,31.1107,51.78,82,100,2.3,overcast clouds
301,Iwanai,JP,42.9744,140.5089,61.63,94,40,2.89,scattered clouds
302,Neuquen,AR,-38.9516,-68.0591,49.89,43,0,12.66,clear sky
303,Forestville,US,38.8451,-76.875,83.79,53,0,1.99,clear sky
304,Taoudenni,ML,22.6783,-3.9836,108.84,17,13,7.81,few clouds
305,Eston,CA,51.1501,-108.7514,75.92,40,2,2.71,clear sky
306,San Juan De Uraba,CO,8.7592,-76.5297,87.19,65,53,5.61,broken clouds
307,Dengzhou,CN,37.8086,120.7508,77.56,78,100,14.58,overcast clouds
308,Donghai,CN,22.9459,115.642,80.87,84,64,3.13,broken clouds
309,Lusambo,CD,-4.9667,23.45,78.48,58,38,3.42,scattered clouds
310,Hamilton,US,39.1834,-84.5333,82.6,55,25,3.0,scattered clouds
311,Harper,LR,4.375,-7.7169,77.63,67,62,8.28,broken clouds
312,Casas Grandes,MX,30.3667,-107.95,72.45,75,98,5.66,overcast clouds
313,Slavsk,RU,55.0425,21.677,79.39,62,100,6.26,overcast clouds
314,Tawang,IN,27.5833,91.8667,57.34,96,99,2.89,overcast clouds
315,Ostrovnoy,RU,68.0531,39.5131,51.66,90,100,12.21,overcast clouds
316,Meiktila,MM,20.8667,95.8667,75.97,84,54,14.23,broken clouds
317,Egvekinot,RU,66.3167,-179.1667,35.6,76,19,8.21,few clouds
318,Batemans Bay,AU,-35.7167,150.1833,54.1,72,60,6.8,broken clouds
319,Nampa,US,43.5407,-116.5635,88.84,31,97,3.0,overcast clouds
320,Strezhevoy,RU,60.7333,77.5889,53.55,67,75,9.69,broken clouds
321,Beyneu,KZ,45.3167,55.2,84.34,19,0,10.85,clear sky
322,Adygeysk,RU,44.88,39.19,82.76,74,20,0.0,few clouds
323,Narsaq,GL,60.9167,-46.05,50.31,45,0,5.01,clear sky
324,Banjar,ID,-8.19,114.9675,75.6,88,46,5.26,scattered clouds
325,Sohbatpur,PK,28.5202,68.5434,80.37,86,100,9.31,overcast clouds
326,Viedma,AR,-40.8135,-62.9967,54.07,24,0,15.73,clear sky
327,Broome,US,42.2506,-75.833,78.01,73,40,5.99,scattered clouds
328,Nouadhibou,MR,20.931,-17.0347,78.78,65,6,19.57,clear sky
329,Chengde,CN,40.9725,117.9361,71.2,97,100,1.39,overcast clouds
330,Ucluelet,CA,48.9329,-125.5528,71.91,83,19,4.36,few clouds
331,Dunkwa,GH,5.9656,-1.78,87.85,45,62,3.06,broken clouds
332,Mocorito,MX,25.4833,-107.9167,83.21,93,100,3.02,overcast clouds
333,Kijang,KR,35.2442,129.2139,74.93,88,82,5.19,broken clouds
334,Ust-Nera,RU,64.5667,143.2,51.8,87,98,4.41,overcast clouds
335,Porto Walter,BR,-8.2686,-72.7439,94.68,38,5,5.61,clear sky
336,San Juan,AR,-31.5375,-68.5364,55.94,20,0,6.13,clear sky
337,Nantucket,US,41.2835,-70.0995,74.01,59,3,19.69,clear sky
338,Banda Aceh,ID,5.5577,95.3222,79.88,81,31,7.52,scattered clouds
339,Basco,PH,20.4487,121.9702,82.89,76,96,15.52,overcast clouds
340,Smila,UA,49.2224,31.8871,76.39,51,81,5.35,broken clouds
341,Kuji,JP,40.1878,141.7689,64.65,94,98,9.22,overcast clouds
342,Wewak,PG,-3.5534,143.6268,77.31,86,80,4.03,broken clouds
343,Dwarka,IN,22.2394,68.9678,80.96,88,100,14.83,overcast clouds
344,Kouango,CF,4.9934,19.9619,72.54,89,89,3.69,overcast clouds
345,Port-Cartier,CA,50.0334,-66.8654,62.82,93,100,15.68,overcast clouds
346,Koulikoro,ML,14.0,-7.75,81.63,72,100,7.18,overcast clouds
347,Tautira,PF,-17.7333,-149.15,76.44,81,92,20.18,light rain
348,Baiquan,CN,47.5833,126.0833,64.06,61,100,9.08,moderate rain
349,Eureka,US,40.8021,-124.1637,59.94,89,67,8.01,broken clouds
350,Cherskiy,RU,68.75,161.3,52.99,53,100,9.44,overcast clouds
351,Mantua,IT,45.1667,10.7833,75.81,79,90,5.01,overcast clouds
352,Yelnya,RU,54.5786,33.1837,70.75,64,11,6.85,few clouds
353,Takoradi,GH,4.8845,-1.7554,78.53,70,68,15.48,broken clouds
354,Port Blair,IN,11.6667,92.75,81.46,83,87,17.72,overcast clouds
355,Mackay,AU,-21.15,149.2,52.68,85,0,3.91,clear sky
356,Kudahuvadhoo,MV,2.6708,72.8944,82.17,73,62,4.12,light rain
357,Khatanga,RU,71.9667,102.5,39.65,75,73,7.74,broken clouds
358,Ruteng,ID,-8.6136,120.4721,57.02,86,72,1.57,broken clouds
359,Lewiston,US,44.1003,-70.2148,67.32,85,100,11.5,overcast clouds
360,North Ogden,US,41.3072,-111.9602,90.9,28,0,5.01,clear sky
361,Bandarbeyla,SO,9.4942,50.8122,76.91,81,39,30.13,scattered clouds
362,Itaituba,BR,-4.2761,-55.9836,93.36,49,20,9.22,few clouds
363,Zhangjiakou,CN,40.81,114.8794,68.56,94,58,3.65,broken clouds
364,Iwaki,JP,37.05,140.8833,75.78,72,0,10.16,clear sky
365,Ouesso,CG,1.6136,16.0517,72.01,89,100,1.99,overcast clouds
366,Natchez,US,31.5604,-91.4032,87.96,56,60,3.51,broken clouds
367,Jacareacanga,BR,-6.2222,-57.7528,102.74,21,1,3.33,clear sky
368,Chimbote,PE,-9.0853,-78.5783,66.58,69,88,11.27,overcast clouds
369,Toora-Khem,RU,52.4675,96.11,41.68,92,95,2.46,overcast clouds
370,Flinders,AU,-34.5833,150.8552,63.37,73,98,1.99,overcast clouds
371,Ouallam,NE,14.3188,2.0866,93.88,40,15,9.62,few clouds
372,Masvingo,ZW,-20.0637,30.8277,73.29,17,5,3.29,clear sky
373,Half Moon Bay,US,37.4636,-122.4286,74.1,86,75,0.0,broken clouds
374,Cacoal,BR,-11.4386,-61.4472,95.56,32,34,4.99,scattered clouds
375,Mandalgovi,MN,45.7625,106.2708,55.87,74,0,8.14,clear sky
376,Sorland,NO,67.667,12.6934,55.26,77,100,17.09,overcast clouds
377,Rocha,UY,-34.4833,-54.3333,49.95,58,12,19.71,few clouds
378,Dawson Creek,CA,55.7666,-120.2362,67.64,64,0,2.3,clear sky
379,Clyde River,CA,70.4692,-68.5914,44.83,87,75,5.75,broken clouds
380,Bata,GQ,1.8639,9.7658,76.64,85,100,10.83,light rain
381,Ancud,CL,-41.8697,-73.8203,49.23,92,100,11.88,light rain
382,Vilhena,BR,-12.7406,-60.1458,88.02,51,20,14.97,smoke
383,San Pedro,PH,14.35,121.0167,79.36,93,20,1.14,few clouds
384,Anloga,GH,5.7947,0.8973,75.45,82,88,15.28,overcast clouds
385,Nizhniy Baskunchak,RU,48.2198,46.8311,88.79,19,100,16.33,overcast clouds
386,Robertsport,LR,6.7533,-11.3686,78.26,76,42,13.0,scattered clouds
387,Buncrana,IE,55.1333,-7.45,64.17,66,67,16.6,broken clouds
388,Aguada De Pasajeros,CU,22.385,-80.8508,93.81,45,12,4.7,few clouds
389,San Quintin,MX,30.4833,-115.95,73.62,78,99,8.77,overcast clouds
390,Rio Gallegos,AR,-51.6226,-69.2181,46.45,46,0,21.85,clear sky
391,Huarmey,PE,-10.0681,-78.1522,66.67,69,91,11.01,overcast clouds
392,Benoy,TD,8.9833,16.3199,73.26,90,99,5.08,overcast clouds
393,Gushikawa,JP,26.3544,127.8686,83.62,79,54,14.56,broken clouds
394,Xining,CN,36.6167,101.7667,58.89,74,100,1.25,overcast clouds
395,Nemuro,JP,43.3236,145.575,62.38,95,100,27.63,overcast clouds
396,Togur,RU,58.3631,82.8265,52.59,83,100,6.85,overcast clouds
397,Buala,SB,-8.145,159.5921,78.75,79,65,7.36,broken clouds
398,Balabac,PH,7.9868,117.0645,81.9,76,100,7.07,overcast clouds
399,Espumoso,BR,-28.7247,-52.8497,54.32,60,62,14.61,broken clouds
400,Coihaique,CL,-45.5752,-72.0662,49.95,62,75,2.3,broken clouds
401,Ixtapa,MX,20.7,-105.2,85.23,70,100,3.0,overcast clouds
402,Urengoy,RU,65.9667,78.3667,50.61,82,100,12.66,overcast clouds
403,Vestmannaeyjar,IS,63.4427,-20.2734,50.99,87,100,6.91,overcast clouds
404,Mehran,IR,33.1222,46.1646,105.21,6,1,16.84,clear sky
405,Berlevag,NO,70.8578,29.0864,53.6,62,34,10.36,scattered clouds
406,Mosquera,CO,4.7059,-74.2302,66.29,39,40,9.22,scattered clouds
407,Obo,CF,5.3998,26.4869,69.21,91,59,3.83,broken clouds
408,Walvis Bay,NA,-22.9575,14.5053,57.36,75,72,22.73,broken clouds
409,Haverhill,US,42.7762,-71.0773,80.24,62,100,8.01,overcast clouds
410,Ca Mau,VN,9.1769,105.15,79.92,82,99,4.25,overcast clouds
411,Tucurui,BR,-3.7661,-49.6725,96.58,29,0,4.59,clear sky
412,Nurota,UZ,40.5614,65.6886,77.85,14,0,15.99,clear sky
413,Srednekolymsk,RU,67.45,153.6833,50.67,77,78,8.48,broken clouds
414,Lira,UG,2.235,32.9097,64.08,95,51,4.5,moderate rain
415,Kupang,ID,-10.1667,123.5833,71.58,69,39,8.59,scattered clouds
416,Shumskiy,RU,54.8318,99.1328,43.14,93,83,4.14,broken clouds
417,College,US,64.8569,-147.8028,57.07,80,92,6.44,overcast clouds
418,Dhidhdhoo,MV,6.8833,73.1,81.63,75,69,7.07,broken clouds
419,Miramar,US,25.9873,-80.2323,96.03,63,19,1.01,few clouds
420,Sal,JO,32.5694,35.9119,78.42,41,0,9.4,clear sky
421,Aksu,CN,41.1231,80.2644,75.61,50,54,4.18,broken clouds
422,Konya,TR,38.1667,32.5,80.33,26,57,14.58,broken clouds
423,Dingle,PH,10.9995,122.6711,75.78,90,100,1.92,overcast clouds
424,Fort Smith,US,35.3859,-94.3986,82.35,62,70,8.01,broken clouds
425,Fengzhen,CN,40.4394,113.1536,66.47,87,6,4.94,clear sky
426,Pacific Grove,US,36.6177,-121.9166,62.71,93,75,5.99,haze
427,Bengkulu,ID,-3.8004,102.2655,75.36,89,72,5.32,broken clouds
428,Beringovskiy,RU,63.05,179.3167,45.95,72,46,13.58,scattered clouds
429,Mirandela,PT,41.4874,-7.187,88.3,22,2,1.92,clear sky
430,Nouakchott,MR,18.0858,-15.9785,85.93,83,100,15.35,overcast clouds
431,Manado,ID,1.487,124.8455,72.37,100,40,1.14,scattered clouds
432,Tsogni,GA,-2.7942,10.0988,73.71,79,63,8.72,broken clouds
433,Sembakung,ID,3.8167,117.25,73.53,99,96,0.25,overcast clouds
434,Lompoc,US,34.6391,-120.4579,68.85,87,20,5.75,few clouds
435,Puerto Escondido,MX,15.85,-97.0667,85.68,68,100,4.65,overcast clouds
436,Libertador General San Martin,AR,-23.8064,-64.7876,65.97,22,0,3.96,clear sky
437,Nyurba,RU,63.2842,118.3319,46.9,98,42,3.83,scattered clouds
438,Stanghelle,NO,60.5528,5.7357,61.84,78,100,5.61,overcast clouds
439,Port Hawkesbury,CA,45.6169,-61.3485,74.89,81,100,9.22,overcast clouds
440,Zhicheng,CN,30.2956,111.5047,87.51,56,78,6.06,broken clouds
441,Scranton,US,41.409,-75.6624,81.91,55,54,5.99,broken clouds
442,Inuvik,CA,68.3499,-133.7218,47.26,96,100,17.27,moderate rain
443,Aklavik,CA,68.2191,-135.0107,48.2,87,100,10.36,overcast clouds
444,Nikel,RU,69.4128,30.222,53.78,65,59,4.74,broken clouds
445,Yuza,JP,39.0,139.9167,71.1,88,98,10.67,overcast clouds
446,Te Anau,NZ,-45.4167,167.7167,44.46,93,41,2.91,scattered clouds
447,Jardim,BR,-21.4803,-56.1381,61.52,91,100,15.57,light rain
448,San Lorenzo,PY,-25.3333,-57.5333,65.34,36,0,24.16,clear sky
449,Boone,US,39.0334,-92.3335,82.8,55,10,1.01,clear sky
450,Luoyang,CN,34.6836,112.4536,84.51,75,100,10.16,moderate rain
451,Banjarmasin,ID,-3.3244,114.591,77.14,90,19,3.96,few clouds
452,Mulege,MX,26.8833,-111.9833,88.93,52,66,2.8,broken clouds
453,Broager,DK,54.8874,9.681,76.66,75,40,10.36,scattered clouds
454,Ban Nahin,LA,18.2418,104.2122,77.27,94,57,2.51,broken clouds
455,Magway,MM,20.15,94.9167,76.95,90,72,12.19,broken clouds
456,Suntar,RU,62.1444,117.6319,46.62,98,50,5.55,scattered clouds
457,Thanh Hoa,VN,19.8,105.7667,78.51,91,5,3.09,clear sky
458,Huanuco,PE,-9.9329,-76.2415,78.24,46,33,8.52,scattered clouds
459,Mlonggo,ID,-6.5333,110.7,78.55,77,2,6.91,clear sky
460,Himatnagar,IN,23.6,72.95,78.87,87,2,6.42,clear sky
461,Mizdah,LY,31.4451,12.9801,102.36,11,34,11.18,scattered clouds
462,Comodoro Rivadavia,AR,-45.8667,-67.5,57.06,38,0,19.57,clear sky
463,Valparaiso,CL,-33.0393,-71.6273,66.43,41,0,18.41,clear sky
464,Noumea,NC,-22.2763,166.4572,64.99,99,61,3.89,broken clouds
465,Ilhabela,BR,-23.7781,-45.3581,84.38,46,71,5.77,broken clouds
466,Inowroclaw,PL,52.7989,18.2639,85.62,47,63,8.01,broken clouds
467,San Rafael,AR,-34.6177,-68.3301,56.21,18,0,9.44,clear sky
468,Havre-Saint-Pierre,CA,50.2334,-63.5986,61.16,94,100,17.27,overcast clouds
469,Keti Bandar,PK,24.1447,67.4497,81.64,90,100,13.49,overcast clouds
470,Alihe,CN,50.5667,123.7167,57.51,56,100,2.46,overcast clouds
471,Nawa,IN,27.0167,75.0,79.99,81,7,7.07,clear sky
472,Atar,MR,20.5169,-13.0499,90.37,49,92,8.19,light rain
473,Usinsk,RU,65.9939,57.5281,59.27,67,99,12.44,overcast clouds
474,Mahanoro,MG,-19.9,48.8,69.1,85,0,9.1,clear sky
475,Okhotsk,RU,59.3833,143.3,54.73,95,100,39.8,light rain
476,North Bend,US,43.4065,-124.2243,63.16,100,65,3.24,broken clouds
477,Middlebury,US,44.0153,-73.1673,73.71,72,0,0.0,clear sky
478,Tuatapere,NZ,-46.1333,167.6833,46.15,96,31,4.72,scattered clouds
479,Maniitsoq,GL,65.4167,-52.9,43.5,79,11,12.03,few clouds
480,General Roca,AR,-39.0333,-67.5833,55.62,36,2,19.15,clear sky
481,Leshukonskoye,RU,64.8989,45.7622,71.37,60,31,4.9,scattered clouds
482,Nikolayevsk-Na-Amure,RU,53.1406,140.73,66.45,84,100,6.15,light rain
483,Nalut,LY,30.3333,10.85,104.65,10,73,4.18,broken clouds
484,Ambon,ID,-3.6954,128.1814,78.94,78,40,5.75,scattered clouds
485,Sturgeon Bay,US,44.8342,-87.377,78.76,61,59,12.53,broken clouds
486,Namibe,AO,-15.1961,12.1522,62.85,83,16,7.67,few clouds
487,Kensington,AU,-33.9167,151.2167,59.77,72,0,8.05,clear sky
488,Nizwa,OM,22.9333,57.5333,98.15,25,99,3.51,overcast clouds
489,Same,TZ,-4.0667,37.7333,71.6,56,87,7.23,overcast clouds
490,Tomatlan,MX,19.9333,-105.25,87.8,59,83,2.71,broken clouds
491,Damietta,EG,31.4165,31.8133,85.89,71,0,12.93,clear sky
492,Wuwei,CN,37.9281,102.6414,68.09,55,100,6.67,overcast clouds
493,Severobaykalsk,RU,55.65,109.3167,47.08,83,100,3.71,overcast clouds
494,Tazovskiy,RU,67.4667,78.7,45.97,86,97,14.9,overcast clouds
495,Athabasca,CA,54.7169,-113.2854,70.21,54,2,5.99,clear sky
496,Visby,SE,57.6409,18.296,78.06,69,0,10.36,clear sky
497,Chisindia,RO,46.2833,22.1,81.46,47,0,5.06,clear sky
498,Road Town,VG,18.4167,-64.6167,87.84,70,40,10.36,scattered clouds
499,Cockburn Town,TC,21.4612,-71.1419,82.94,79,63,14.94,broken clouds
500,Lashio,MM,22.9333,97.75,68.83,98,23,1.25,few clouds
501,Dargaville,NZ,-35.9333,173.8833,62.78,94,100,15.75,light rain
502,Kavieng,PG,-2.5744,150.7967,81.1,79,28,12.46,light rain
503,Songjianghe,CN,42.1859,127.479,63.27,78,93,4.81,overcast clouds
504,Gambo,CF,4.6482,22.2633,71.29,91,100,3.27,overcast clouds
505,Najran,SA,17.4924,44.1277,93.85,34,94,7.05,light rain
506,Saint-Pierre,RE,-21.3393,55.4781,71.29,77,75,2.3,broken clouds
507,Kalaleh,IR,37.3807,55.4916,89.96,45,40,4.61,scattered clouds
508,Batagay,RU,67.6333,134.6333,53.76,93,99,2.62,light rain
509,Requena,ES,39.4883,-1.1004,77.52,27,33,9.55,scattered clouds
510,Slave Lake,CA,55.2834,-114.769,64.38,82,0,3.44,clear sky
511,Bafq,IR,31.6128,55.4107,85.5,9,0,8.77,clear sky
512,Fare,PF,-16.7,-151.0167,77.88,75,92,20.29,overcast clouds
513,Okha,RU,53.5739,142.9478,62.74,87,71,11.7,broken clouds
514,Lamu,KE,-2.2717,40.902,74.34,82,63,14.36,broken clouds
515,Liverpool,GB,53.4106,-2.9779,69.62,82,75,13.8,light rain
516,Norman Wells,CA,65.282,-126.8329,68.04,52,40,0.0,scattered clouds
517,Severodvinsk,RU,64.5635,39.8302,77.11,58,85,8.16,overcast clouds
518,Villa Bruzual,VE,9.3328,-69.1208,89.56,53,0,2.66,clear sky
519,Port Lincoln,AU,-34.7333,135.8667,51.42,72,11,12.39,few clouds
520,Erdenet,MN,49.0333,104.0833,43.99,90,31,4.21,scattered clouds
521,La Colorada,PA,8.0167,-80.9833,86.43,64,87,3.49,overcast clouds
522,Timizart,DZ,36.8,4.2667,79.2,58,0,6.69,clear sky
523,Jacqueville,CI,5.2052,-4.4146,74.66,82,66,11.45,broken clouds
524,Pedernales,DO,18.0384,-71.744,85.26,69,15,5.99,few clouds
525,Nanakuli,US,21.3906,-158.1547,78.75,77,16,6.93,few clouds
526,Cairns,AU,-16.9167,145.7667,60.06,92,9,1.14,clear sky
527,Gamba,GA,-2.65,10.0,74.34,79,40,9.6,scattered clouds
528,Calabozo,VE,8.9242,-67.4293,91.67,47,3,3.51,clear sky
529,Bom Jesus,BR,-9.0744,-44.3586,96.96,18,0,5.82,clear sky
530,Pathein,MM,16.7833,94.7333,77.05,93,100,5.73,overcast clouds
531,Tarauaca,BR,-8.1614,-70.7656,95.74,37,11,5.21,few clouds
532,Watertown,US,42.3709,-71.1828,82.6,46,99,13.0,overcast clouds
533,Havoysund,NO,70.9963,24.6622,53.83,70,38,4.54,scattered clouds
534,Stornoway,GB,58.2093,-6.3865,59.04,75,40,18.41,scattered clouds
535,Shelburne,CA,44.0787,-80.2041,82.76,44,100,5.23,overcast clouds
536,Gamboma,CG,-1.8764,15.8644,81.32,57,81,6.08,broken clouds
537,Coruripe,BR,-10.1256,-36.1756,76.51,70,56,12.46,broken clouds
538,Agucadoura,PT,41.4318,-8.7804,86.31,62,8,21.18,clear sky
539,Progreso,MX,21.2833,-89.6667,78.91,59,84,9.1,broken clouds
540,Price,US,39.5994,-110.8107,80.11,19,78,5.08,broken clouds
541,Vangaindrano,MG,-23.35,47.6,69.01,87,1,10.47,clear sky
542,Kalmunai,LK,7.4167,81.8167,80.19,77,99,6.49,overcast clouds
543,Fagernes,NO,60.9858,9.2324,58.91,97,100,4.97,moderate rain
544,Southbridge,US,42.0751,-72.0334,82.06,59,71,3.0,broken clouds
545,Pochutla,MX,15.7432,-96.4661,86.83,58,100,4.14,overcast clouds
546,Samana,DO,19.2056,-69.3369,84.42,74,40,9.22,scattered clouds
547,Denpasar,ID,-8.65,115.2167,78.46,83,40,16.11,scattered clouds
548,Hambantota,LK,6.1241,81.1185,79.0,81,94,17.94,overcast clouds
549,Victor Harbor,AU,-35.5667,138.6167,48.99,83,3,10.89,clear sky
550,Khani,GE,41.9563,42.9566,71.17,96,10,1.83,clear sky
551,Serebryansk,KZ,49.6925,83.2892,47.66,68,100,5.39,overcast clouds
552,Lesnoye,RU,58.2841,35.5158,72.32,60,7,4.29,clear sky
553,Santiago De Compostela,ES,42.8805,-8.5457,76.35,60,0,13.8,clear sky
554,Ketchikan,US,55.3422,-131.6461,57.18,88,51,3.83,broken clouds
555,Tucuman,AR,-26.8241,-65.2226,60.8,17,0,4.61,clear sky
556,Hami,CN,42.8,93.45,75.88,26,2,3.62,clear sky
557,Leh,IN,34.1667,77.5833,70.16,32,10,4.92,clear sky
558,Jasper,US,37.2001,-94.3502,84.67,54,2,1.01,clear sky
559,Palmer,US,42.1584,-72.3287,82.51,53,88,1.99,overcast clouds
560,Sao Felix Do Xingu,BR,-6.6447,-51.995,100.02,19,0,3.71,clear sky
561,Lavrentiya,RU,65.5833,-171.0,39.96,86,100,8.86,overcast clouds
562,Alofi,NU,-19.0595,-169.9187,67.89,73,38,16.11,scattered clouds
563,Qostanay,KZ,53.1667,63.5833,53.89,50,0,11.18,clear sky
564,Longkou,CN,37.6508,120.3286,78.28,79,100,21.45,overcast clouds
565,Biu,NG,10.6129,12.1946,69.66,88,97,4.59,overcast clouds
566,Tigil,RU,57.8,158.6667,47.75,96,97,1.19,overcast clouds
567,Currais Novos,BR,-6.2608,-36.5178,82.02,53,44,18.3,scattered clouds
568,Mahajanga,MG,-15.7167,46.3167,75.22,73,0,6.91,clear sky
569,Tessalit,ML,20.1986,1.0114,100.42,23,7,9.37,clear sky
570,Yining,CN,29.0361,114.5636,82.24,69,88,1.5,overcast clouds
571,Bolgar,RU,54.95,49.0667,68.36,57,100,16.51,overcast clouds
572,Dire Dawa,ET,9.5931,41.8661,74.48,59,52,14.52,light rain
573,Sherlovaya Gora,RU,50.5667,116.25,47.48,55,43,1.48,scattered clouds
574,Stege,DK,54.987,12.2846,80.06,85,63,10.07,broken clouds
575,Aiquile,BO,-18.2041,-65.1807,71.37,18,4,6.62,clear sky
576,Otane,NZ,-39.8833,176.6333,67.01,68,100,9.06,overcast clouds
577,Cabedelo,BR,-6.9811,-34.8339,81.27,67,48,18.81,scattered clouds
578,Mascote,BR,-15.5631,-39.3025,82.26,39,42,6.6,scattered clouds
579,Rawson,AR,-43.3002,-65.1023,52.21,40,5,18.48,clear sky
580,Avera,US,33.194,-82.5271,81.91,59,95,3.53,overcast clouds
581,San Vicente De Canete,PE,-13.0751,-76.3835,66.25,67,46,6.62,scattered clouds
582,Kysyl-Syr,RU,63.8986,122.7617,48.81,96,100,0.43,overcast clouds
583,Kaspiyskiy,RU,45.3929,47.3707,80.49,53,7,17.92,clear sky
584,Kamaishi,JP,39.2667,141.8833,67.93,89,75,5.61,broken clouds
585,Margate,GB,51.3813,1.3862,77.88,63,50,4.0,scattered clouds
586,Mirnyy,RU,62.5353,113.9611,51.24,100,100,4.0,overcast clouds
587,Hobyo,SO,5.3505,48.5268,76.84,83,83,26.02,broken clouds
588,Fort Payne,US,34.4442,-85.7197,85.42,60,39,5.75,scattered clouds
589,Benemerito De Las Americas,MX,16.5167,-90.6439,82.42,66,95,2.73,overcast clouds
590,Isiro,CD,2.7739,27.616,67.44,95,100,2.71,light rain
591,Quelimane,MZ,-17.8786,36.8883,78.75,73,0,9.22,clear sky
592,Paciran,ID,-6.8767,112.3761,78.35,83,5,6.02,clear sky
593,Maryborough,AU,-25.5333,152.7,50.5,75,0,3.58,clear sky
594,Nachingwea,TZ,-10.3833,38.7667,72.37,70,29,10.11,scattered clouds
595,Coahuayana,MX,18.7333,-103.6833,90.0,57,89,2.98,overcast clouds
596,Serebryanyy Bor,RU,56.8,124.8,41.76,95,11,0.92,few clouds
597,West Bay,KY,19.3667,-81.4167,90.07,75,20,8.05,few clouds
598,Mana,GF,5.6592,-53.7767,83.19,79,27,10.16,scattered clouds
599,Vierzon,FR,47.2101,2.0625,83.86,33,56,5.1,broken clouds
600,Sungaipenuh,ID,-2.0833,101.3833,63.59,96,35,4.05,scattered clouds
601,Husavik,IS,66.0449,-17.3389,55.51,66,81,5.57,broken clouds
602,Richards Bay,ZA,-28.783,32.0377,66.13,66,33,8.61,scattered clouds
603,Samdrup Jongkhar,BT,26.9167,91.6167,74.16,87,70,4.59,broken clouds
604,Camalu,MX,30.85,-116.0667,74.52,76,96,6.58,overcast clouds
605,Guiratinga,BR,-16.3494,-53.7583,97.56,17,28,10.94,scattered clouds
606,Khorramshahr,IR,30.4397,48.1664,102.15,41,40,6.91,haze
607,Wagar,SD,16.1525,36.2032,90.72,46,92,5.14,overcast clouds
608,Ondjiva,AO,-17.0667,15.7333,73.81,12,10,3.94,clear sky
609,Praya,CV,14.9215,-23.5087,86.54,58,20,17.27,few clouds
610,Burgess Hill,GB,50.9584,-0.1329,78.12,73,0,17.27,clear sky
611,Altamira,BR,-3.2033,-52.2064,89.69,70,20,5.75,few clouds
612,Almenara,BR,-16.1836,-40.6944,85.78,30,49,5.82,light rain
613,Monrovia,LR,6.3005,-10.7969,82.17,74,47,11.7,scattered clouds
614,San-Pedro,CI,4.7485,-6.6363,77.05,70,35,9.33,scattered clouds
615,Lakatoro,VU,-16.0999,167.4164,75.87,86,46,9.73,scattered clouds
616,Dois Vizinhos,BR,-25.7336,-53.0572,53.62,89,100,8.37,overcast clouds
617,Hovd,MN,48.0056,91.6419,57.99,19,90,5.61,overcast clouds
618,Rudnyy,KZ,52.9594,63.1206,53.83,54,32,7.85,scattered clouds
619,Santo Antonio Do Sudoeste,BR,-26.0736,-53.7253,58.05,60,100,9.19,overcast clouds
620,Languyan,PH,5.2618,120.0807,79.03,84,100,5.84,overcast clouds
621,Dalbandin,PK,28.8947,64.4101,94.14,17,92,3.71,overcast clouds
622,Qom,IR,34.6401,50.8764,90.95,10,0,10.65,clear sky
623,Jumla,NP,29.2747,82.1838,64.69,96,86,0.51,overcast clouds
624,Basna,IN,21.2833,82.8167,78.64,86,100,7.85,light rain
625,Toda,JP,35.8094,139.6925,83.05,54,0,1.01,clear sky
626,Soverato,IT,38.685,16.5499,93.15,58,4,4.14,clear sky
627,Verkhnyaya Inta,RU,65.9811,60.3094,54.86,58,84,10.31,broken clouds
628,Yulara,AU,-25.2406,130.9889,48.45,61,5,13.0,clear sky
629,Pandan,PH,14.0453,124.1694,79.03,85,100,3.04,overcast clouds
630,Griffith,US,41.5284,-87.4237,82.15,55,40,3.44,scattered clouds
631,Mecca,SA,21.4267,39.8261,94.14,36,36,8.12,scattered clouds
632,Barra,BR,-11.0894,-43.1417,85.93,28,6,4.81,clear sky
633,Vanimo,PG,-2.6741,141.3028,76.68,90,97,3.87,overcast clouds
634,Kopong,BW,-24.4833,25.8833,68.29,17,42,12.66,scattered clouds
635,Dullewala,PK,31.8359,71.4362,89.51,62,97,3.49,overcast clouds
636,Bow Island,CA,49.8668,-111.3684,75.61,33,0,5.53,clear sky
637,Zhanaozen,KZ,43.3,52.8,84.63,13,0,14.54,clear sky
638,Monaragala,LK,6.8714,81.3487,76.33,84,100,7.05,overcast clouds
639,At-Bashi,KG,41.1702,75.8106,60.93,38,47,2.55,scattered clouds
640,Cislau,RO,45.25,26.3667,77.56,61,41,5.35,scattered clouds
641,San Jeronimo,PE,-11.9472,-75.2829,63.79,26,8,2.59,clear sky
642,Penzance,GB,50.1186,-5.5371,70.77,92,82,16.28,broken clouds
643,Roma,US,43.2128,-75.4557,77.72,76,100,5.99,overcast clouds
644,Witu,KE,-2.3889,40.4382,73.35,82,71,11.14,broken clouds
645,Cascavel,BR,-24.9558,-53.4553,52.84,95,100,13.65,light rain
646,Kungurtug,RU,50.5994,97.5228,39.45,84,48,2.33,scattered clouds
647,Portland,US,45.5234,-122.6762,84.87,64,99,1.99,overcast clouds
648,Batagay-Alyta,RU,67.8006,130.4114,50.04,80,85,5.12,overcast clouds
649,Glens Falls,US,43.3095,-73.644,79.11,63,100,4.0,overcast clouds
650,Ranfurly,NZ,-45.1333,170.1,42.1,94,52,4.94,broken clouds
651,Praia Da Vitoria,PT,38.7333,-27.0667,73.76,71,43,6.22,scattered clouds
652,Colares,PT,38.7992,-9.4469,87.1,41,0,14.97,clear sky
653,Korla,CN,41.7597,86.1469,77.95,35,1,4.14,clear sky
654,Talnakh,RU,69.4865,88.3972,45.21,64,0,12.35,clear sky
655,Dunedin,NZ,-45.8742,170.5036,49.33,91,39,10.4,scattered clouds
656,Cap-Aux-Meules,CA,47.3821,-61.8597,69.85,88,100,13.8,mist
657,Talcahuano,CL,-36.7167,-73.1167,51.42,62,3,10.2,clear sky
658,Beloha,MG,-25.1667,45.05,63.7,76,4,3.56,clear sky
659,Jalu,LY,29.0331,21.5482,95.5,17,0,8.46,clear sky
660,Siloam Springs,US,36.1881,-94.5405,81.25,62,37,6.69,scattered clouds
661,Tahe,CN,52.3333,124.7333,51.33,87,100,2.55,overcast clouds
662,Chincha Alta,PE,-13.4099,-76.1323,68.13,63,62,7.96,broken clouds
663,Hvolsvollur,IS,63.7533,-20.2243,50.67,79,100,10.16,overcast clouds
664,Wanning,CN,18.8003,110.3967,79.56,89,67,5.77,broken clouds
665,Gladstone,AU,-23.85,151.25,51.73,82,0,1.14,clear sky
666,Mwinilunga,ZM,-11.7358,24.4293,70.81,22,30,4.16,scattered clouds
667,Hildesheim,DE,52.1508,9.9511,80.15,62,98,5.37,light rain
668,Ipixuna,BR,-1.7625,-48.8043,93.45,39,12,2.84,few clouds
669,Haines Junction,CA,60.7522,-137.5108,50.97,84,100,4.65,overcast clouds
670,Aden,YE,12.7794,45.0367,88.21,62,94,6.46,overcast clouds
671,Besuki,ID,-7.7338,113.6979,78.39,78,11,3.65,few clouds
672,South Venice,US,27.0531,-82.4243,91.06,78,0,8.99,haze
673,Natal,BR,-5.795,-35.2094,86.22,58,40,21.85,scattered clouds
674,Dobson,US,36.3957,-80.7226,81.18,70,40,3.44,scattered clouds
675,Araouane,ML,18.9048,-3.5265,91.6,41,84,8.46,broken clouds
676,Japura,ID,-0.3167,102.35,74.25,95,9,2.59,clear sky
677,Luba,GQ,3.4568,8.5547,76.48,87,100,7.09,light rain
678,Dumai,ID,1.6833,101.45,74.89,95,73,2.15,broken clouds
679,Edea,CM,3.8,10.1333,75.63,91,98,4.54,light rain
680,Arlit,NE,18.7369,7.3853,105.21,7,0,15.19,clear sky
681,Doctor Arroyo,MX,23.6667,-100.1833,75.42,47,26,3.44,scattered clouds
682,Esmeraldas,BR,-19.7625,-44.3139,86.11,21,30,10.27,scattered clouds
683,Kawalu,ID,-7.3817,108.2082,71.78,97,99,0.78,overcast clouds
684,Navadwip,IN,23.4167,88.3667,89.4,58,100,0.96,moderate rain
